id,photoId,image
1,1,app/assets/images/photos_gallery/Photo_01.jpg
2,2,app/assets/images/photos_gallery/Photo_02.jpg
3,3,app/assets/images/photos_gallery/Photo_03.jpg
4,4,app/assets/images/photos_gallery/Photo_04.jpg
5,5,app/assets/images/photos_gallery/Photo_05.jpg
6,6,app/assets/images/photos_gallery/Photo_06.jpg
7,7,app/assets/images/photos_gallery/Photo_07.jpg
8,8,app/assets/images/photos_gallery/Photo_08.jpg
9,9,app/assets/images/photos_gallery/Photo_09.jpg
10,10,app/assets/images/photos_gallery/Photo_10.jpg
11,11,app/assets/images/photos_gallery/Photo_11.jpg
12,12,app/assets/images/photos_gallery/Photo_12.jpg
13,13,app/assets/images/photos_gallery/Photo_13.jpg
14,14,app/assets/images/photos_gallery/Photo_14.jpg
15,15,app/assets/images/photos_gallery/Photo_15.jpg
16,16,app/assets/images/photos_gallery/Photo_16.jpg
17,17,app/assets/images/photos_gallery/Photo_17.jpg
18,18,app/assets/images/photos_gallery/Photo_18.jpg
19,19,app/assets/images/photos_gallery/Photo_19.jpg
20,20,app/assets/images/photos_gallery/Photo_20.jpg
21,21,app/assets/images/photos_gallery/Photo_21.jpg
22,22,app/assets/images/photos_gallery/Photo_22.jpg
23,23,app/assets/images/photos_gallery/Photo_23.jpg
24,24,app/assets/images/photos_gallery/Photo_24.jpg
25,25,app/assets/images/photos_gallery/Photo_25.jpg
26,26,app/assets/images/photos_gallery/Photo_26.jpg
27,27,app/assets/images/photos_gallery/Photo_27.jpg
28,28,app/assets/images/photos_gallery/Photo_28.jpg
29,29,app/assets/images/photos_gallery/Photo_29.jpg
30,30,app/assets/images/photos_gallery/Photo_30.jpg
31,31,app/assets/images/photos_gallery/Photo_31.jpg
32,32,app/assets/images/photos_gallery/Photo_32.jpg
33,33,app/assets/images/photos_gallery/Photo_33.jpg
34,34,app/assets/images/photos_gallery/Photo_34.jpg
35,35,app/assets/images/photos_gallery/Photo_35.jpg
36,36,app/assets/images/photos_gallery/Photo_36.jpg
37,37,app/assets/images/photos_gallery/Photo_37.jpg
38,38,app/assets/images/photos_gallery/Photo_38.jpg
39,39,app/assets/images/photos_gallery/Photo_39.jpg
40,40,app/assets/images/photos_gallery/Photo_40.jpg
